manufacturer,model,aliases,category,likely_valuable_components,component_type,confidence_level,desirability_score,maximum_worthwhile_delivered_price_gbp,ideal_fault_types,risky_fault_types,salvage_difficulty,package_or_removal_notes,source_or_verification_note,general_comments
Alesis,M1 Active 520,M1 520 Active,active speakers,power amp ICs; active crossover op-amps; PSU; drivers,power amplifier IC|op-amp|transformer or mechanical salvage,probable,45,30,one speaker faulty; hum; broken jack,burnt board; water damage; missing amp plate,medium,Low-value active amp donor,Common budget monitor; exact IC verify,Cheap only.
Behringer,Truth B2031A,B2031A active monitor|Truth 2031A,active speakers,power amplifier ICs/modules; active crossover op-amps; transformer/PSU; drivers,power amplifier IC|op-amp|transformer or mechanical salvage,probable,58,45,one speaker dead; hum; broken tweeter; cosmetic damage,burnt board; water damage; missing amp plate; both drivers blown,medium,Mains amp plate; discharge caps,Common active monitor; exact amp ICs vary by revision,Buy single faulty speakers cheap.
Genelec,1029A,Genelec 1029 A,active speakers,power amplifier modules; active crossover parts; drivers; transformer,power amplifier IC|op-amp|transformer or mechanical salvage,probable,78,100,one channel/speaker fault; broken input; cosmetic damage,burnt board; water damage; missing drivers,hard,High intact value; repair preferred,Genelec active monitor architecture; exact ICs verify,Usually worth more intact.
KRK,Rokit RP5 G2,RP5G2|Rokit 5 G2,active speakers,power amp ICs/modules; active crossover op-amps; transformer/SMPS; drivers,power amplifier IC|op-amp|transformer or mechanical salvage,probable,55,40,one speaker hum; broken input; tweeter fault,burnt amp board; water damage; missing drivers,medium,SMPS caution; parts useful if one driver works,Common active monitor; exact ICs vary,Faulty singles common.
M-Audio,BX5a,BX5a Deluxe|BX5 active speaker,active speakers,power amp ICs; active crossover op-amps; transformer/PSU; drivers,power amplifier IC|op-amp|transformer or mechanical salvage,probable,48,30,one speaker faulty; hum; broken socket,burnt board; water damage; missing amp plate,medium,Small active amp plate,Common monitor; exact ICs verify,Very common cheap.
Mackie,HR824,HR824 Mk1|HR824,active speakers,power amp modules; active crossover op-amps; drivers; transformer/PSU,power amplifier IC|op-amp|transformer or mechanical salvage,probable,72,100,single speaker fault; hum; broken input,burnt amp board; water damage; missing passive radiator/driver,hard,Large active monitor; high intact value,Common pro monitor; exact amp parts verify,Repair preferred.
Tannoy,Reveal Active,Reveal Active Monitor,active speakers,power amp ICs/modules; crossover op-amps; transformer/PSU; drivers,power amplifier IC|op-amp|transformer or mechanical salvage,probable,52,40,one speaker dead; hum; broken input,burnt board; water damage; missing drivers,medium,Mains plate caution,Common active monitor; exact components verify,Good single-speaker donor.
Arcam,AVR300,AVR 300,AV receiver,Wolfson/Cirrus-class DAC stage probable; DSP; transformer; power amp parts,standalone DAC|DSP|power amplifier IC|transformer or mechanical salvage,probable,76,120,HDMI absent; input fault; display fault; missing remote,burnt output; no sound; water damage,hard,High intact value; heavy,Arcam AVR class; exact chips verify,Often repair candidate.
Denon,AVR-1909,AVR1909,AV receiver,multichannel DAC stage; DSP; transformer; power amp parts,standalone DAC|DSP|power amplifier IC|transformer or mechanical salvage,probable,60,55,HDMI fault; missing remote; display fault,no sound; burnt output stage; water damage,hard,Heavy; mains safety,Common Denon AVR; exact DAC verify,Cheap with HDMI faults.
Denon,AVR-2805,AVR2805,AV receiver,DAC stage; DSP; large transformer; power amplifier parts,standalone DAC|DSP|power amplifier IC|transformer or mechanical salvage,probable,62,65,input selector fault; missing remote; display issue,burnt outputs; no sound; water damage,hard,Very heavy; local only preferable,Common older Denon AVR; exact DAC verify,Transformer/power parts more useful than DAC.
Marantz,SR5003,SR-5003,AV receiver,DAC stage; DSP; transformer; power amp parts,standalone DAC|DSP|power amplifier IC|transformer or mechanical salvage,probable,62,65,HDMI fault; missing remote; display issue,burnt outputs; water damage; no sound,hard,Heavy; inspect heat damage,Common Marantz AVR; exact DAC verify,Local cheap only.
Onkyo,TX-NR609,TXNR609,AV receiver,DAC stage; DSP; transformer; power amp parts,standalone DAC|DSP|power amplifier IC|transformer or mechanical salvage,probable,66,70,HDMI/network fault; display fault,no sound; burnt board; lightning damage; water damage,hard,Heavy; HDMI fault common but audio boards may be okay,Common UK AV receiver; exact DAC verify,Good donor only if local cheap.
Onkyo,TX-SR606,TXSR606,AV receiver,Burr-Brown/TI DAC stage reported; DSP; power amp output transistors; transformer,standalone DAC|DSP|power amplifier IC|transformer or mechanical salvage,probable,64,65,HDMI fault; display fault; missing remote,no sound; burnt output stage; lightning; water damage,hard,Heavy; discharge capacitors; mains safety,Common Onkyo HDMI-failure receiver; exact DAC verify,Often cheap due HDMI board faults.
Onkyo,TX-SR607,TXSR607,AV receiver,DAC stage; DSP; power amp parts; transformer,standalone DAC|DSP|power amplifier IC|transformer or mechanical salvage,probable,62,60,HDMI fault; missing remote; display issue,burnt output stage; no sound; water damage,hard,Heavy; many through-hole power parts,Common AV receiver; verify audio board,Avoid lightning damage.
Pioneer,VSX-AX3,VSXAX3,AV receiver,DAC stage; DSP; transformer; power amp parts,standalone DAC|DSP|power amplifier IC|transformer or mechanical salvage,probable,60,60,display fault; input fault; missing remote,burnt outputs; water damage; no sound,hard,Heavy; many boards,Older Pioneer AVR; exact DAC verify,May be worth intact.
Rotel,RSX-1055,RSX1055,AV receiver,DAC stage; DSP; large transformer; discrete power amp parts,standalone DAC|DSP|power amplifier IC|transformer or mechanical salvage,probable,78,130,display fault; input selector fault; missing remote,burnt outputs; no sound; water damage,hard,Very heavy; transformer valuable,Rotel receiver class; exact DAC verify,Usually worth more intact.
Yamaha,DSP-A5,DSPA5,AV receiver,Yamaha DSP; DAC stage; transformer; power amplifier parts,standalone DAC|DSP|power amplifier IC|transformer or mechanical salvage,probable,58,45,display fault; missing remote; input selector fault,no sound; burnt output; water damage,hard,Heavy; discrete amp parts,Yamaha AV amp class; exact DAC verify,Cheap only.
Yamaha,RX-V595,RXV595,AV receiver,Yamaha DSP; DAC stage; transformer; power amplifier parts,standalone DAC|DSP|power amplifier IC|transformer or mechanical salvage,probable,56,45,display fault; missing remote; input fault,no sound; burnt outputs; lightning damage,hard,Heavy; power stage salvage,Common UK receiver; exact chips verify,Usually low resale.
Yamaha,RX-V640RDS,RXV640|RX-V640,AV receiver,DAC stage; DSP; transformer; power amplifier parts,standalone DAC|DSP|power amplifier IC|transformer or mechanical salvage,probable,58,50,display fault; HDMI absent so input faults; missing remote,burnt outputs; no sound; water damage,hard,Heavy shipping often kills value,Common model; verify internals,Good local pickup donor.
Arcam,Alpha 5,Alpha Five CD|Arcam Alpha 5 CD,CD player,DAC stage; op-amps; transformer,standalone DAC|op-amp|transformer or mechanical salvage,probable,62,55,tray fault; laser fault; missing remote,no sound; burnt board; water damage,medium,Good analogue-stage donor,Common Arcam player; exact DAC varies/verify,May be worth repair intact.
Arcam,Alpha 7,Alpha Seven CD|Arcam Alpha 7 CD,CD player,DAC stage; op-amps; transformer,standalone DAC|op-amp|transformer or mechanical salvage,probable,66,65,laser fault; tray fault; display issue,no sound; burnt board; water damage,medium,Verify DAC chip,Common UK hi-fi model; exact DAC not assumed,Often cheap faulty.
Arcam,Alpha 8,Alpha Eight CD|Alpha 8SE,CD player,DAC stage; op-amps; transformer,standalone DAC|op-amp|transformer or mechanical salvage,probable,72,85,laser fault; tray fault; missing remote,no sound; burnt board; water damage,medium,8SE may be worth intact,Common modding/upgrade model; verify revision,Avoid stripping good units.
Arcam,CD192,DiVA CD192,CD player,Wolfson DAC stage probable; op-amps; transformer,standalone DAC|op-amp|transformer or mechanical salvage,probable,82,140,laser fault; no disc; missing remote,no sound; burnt board; water damage,hard,Higher intact value; salvage only cheap faulty,High-line Arcam; exact chips should be verified,Often worth repair.
Arcam,CD72,DiVA CD72|CD 72,CD player,Wolfson DAC stage probable; op-amps; transformer,standalone DAC|op-amp|transformer or mechanical salvage,probable,72,85,laser fault; no disc; missing remote,no sound; burnt board; liquid damage,medium,Verify DAC markings,Arcam DiVA line commonly uses Wolfson-era DACs; confirm board,Good faulty donor.
Arcam,CD73,DiVA CD73|CD 73,CD player,Wolfson DAC stage probable; op-amps; transformer,standalone DAC|op-amp|transformer or mechanical salvage,probable,72,90,laser fault; tray fault; missing remote,burnt board; no sound; water damage,medium,Check audio board photos,Common Arcam DiVA model; exact DAC verify,May be worth more intact.
Audiolab,8000CD (new version),8000CD New|Audiolab 8000 CD,CD player,Cirrus Logic CS4398 DAC; analogue output-stage op-amps; transformer,standalone DAC|op-amp|transformer or mechanical salvage,confirmed,82,110,no disc; tray fault; worn laser; missing remote; cosmetic damage,no audio; liquid damage; burnt PCB; missing main board,medium,CS4398 is a fine-pitch surface-mount device; preserve the analogue board until traced.,https://www.dutchaudioclassics.nl/the_complete_d_a_dac_converter_list/,"Good CS4398 donor, but a tidy working example may be worth more intact."
Audiolab,8000CDE,8000 CDE|Audiolab 8000CDE,CD player,Cirrus Logic CS4398 DAC; VAM1202 transport; analogue-stage op-amps; transformer,standalone DAC|op-amp|transformer or mechanical salvage,confirmed,84,105,no disc; tray fault; worn laser; display fault,no audio; corrosion; missing main PCB,medium,Trace the differential output/filter stage before removing the DAC.,https://www.dutchaudioclassics.nl/the_complete_d_a_dac_converter_list/,Particularly relevant as a CS4398 implementation reference.
Audiolab,8200CD,8200 CD|Audiolab 8200 CD,CD player,ESS ES9018S DAC; USB/digital interface parts; analogue output stage; transformer,standalone DAC|op-amp|DSP,confirmed,77,130,disc mechanism fault; display fault; cosmetic damage,no audio; digital board fault; liquid damage,hard,ES9018S requires significant firmware/control support and is more useful as a board-level donor.,https://www.dutchaudioclassics.nl/the_complete_d_a_dac_converter_list/,Often more sensible to repair than strip.
Cambridge Audio,Azur 540C,540C|Azur540C|540C V2,CD player,Wolfson DAC stage probable; op-amps; transformer,standalone DAC|op-amp|transformer or mechanical salvage,probable,65,60,laser fault; tray fault; missing remote,no sound; burnt board; water damage,medium,V1/V2 differs; verify DAC marking,Cambridge Azur series commonly Wolfson DAC; verify revision,Good donor if rough.
Cambridge Audio,Azur 540C V2,540C V2|Azur540C V2,CD player,Wolfson WM8740 DAC; op-amps; Sanyo SF-P101N transport; transformer,standalone DAC|op-amp|transformer or mechanical salvage,confirmed,72,55,no disc; tray fault; laser fault; cosmetic damage,no audio; burnt board; water damage,medium,WM8740 is software controlled; salvage the nearby control and filter circuitry for reference.,https://www.dutchaudioclassics.nl/the_complete_d_a_dac_converter_list/,"A useful, fairly common UK donor."
Cambridge Audio,Azur 640C,640C|Azur640C|640C V2,CD player,dual Wolfson DAC stage probable in V2; op-amps; transformer,standalone DAC|op-amp|transformer or mechanical salvage,probable,72,80,laser fault; tray fault; missing remote,no sound; burnt board; water damage,medium,Verify V2 if paying for dual DAC claim,Commonly documented 640C V2 uses dual Wolfson DACs; verify board,Often repairable intact.
Cambridge Audio,Azur 640C V2,640C V2|Azur640C V2,CD player,2 x Wolfson WM8740 DACs; op-amps; Sanyo SF-P101N transport; transformer,standalone DAC|op-amp|transformer or mechanical salvage,confirmed,83,80,no disc; tray fault; worn laser; missing remote,no audio; missing DAC board; corrosion,medium,Dual WM8740 arrangement is useful to study before harvesting.,https://www.dutchaudioclassics.nl/the_complete_d_a_dac_converter_list/,One of the better realistic UK-market donor searches.
Cambridge Audio,Azur 650C,650C|Azur650C,CD player,2 x Wolfson WM8740 DACs; op-amps; Sanyo SF-P101N transport; transformer,standalone DAC|op-amp|transformer or mechanical salvage,confirmed,82,85,laser fault; tray fault; no disc; display fault,no sound; liquid damage; board missing,medium,Software-controlled DACs; keep controller board information.,https://www.dutchaudioclassics.nl/the_complete_d_a_dac_converter_list/,Often overlooked beside the 640C.
Cambridge Audio,Azur 740C,740C|Azur740C,CD player,2 x Wolfson WM8740 DACs; upsampling DSP; analogue output stage; transformer,standalone DAC|op-amp|DSP|transformer or mechanical salvage,confirmed,84,110,transport fault; display fault; cosmetic damage,digital board failure; no audio; corrosion,hard,Dual DAC plus DSP architecture; better as a board-level donor or repair project.,https://www.dutchaudioclassics.nl/the_complete_d_a_dac_converter_list/,Useful but usually valuable intact.
Cambridge Audio,Azur 840C,840C|Azur840C,CD player,2 x Analog Devices AD1955A DACs; Anagram upsampler; op-amps; transformer,standalone DAC|op-amp|DSP|transformer or mechanical salvage,confirmed,91,160,transport fault; tray fault; display fault,no audio; digital board fault; liquid damage,hard,AD1955A is attractive but the surrounding architecture is complex.,https://www.dutchaudioclassics.nl/the_complete_d_a_dac_converter_list/,A genuine hidden-gem donor only when badly priced or mechanically faulty.
Cambridge Audio,CD200,Cambridge CD200,CD player,Analog Devices AD1865N DAC; digital filter; transformer; transport,standalone DAC|transformer or mechanical salvage,confirmed,88,95,no disc; tray fault; laser failure; cosmetic damage,no audio; modified unit; missing main board,medium,AD1865N is a desirable through-hole multibit DAC and relatively pleasant to remove.,https://www.dutchaudioclassics.nl/the_complete_d_a_dac_converter_list/,Worth a specific saved search.
Cambridge Audio,D300,D300 SE|D300SE,CD player,DAC stage; op-amps; transformer,standalone DAC|op-amp|transformer or mechanical salvage,uncertain,52,35,tray fault; no disc; missing remote,burnt board; water damage; no sound,easy,Low-price only,Exact IC not assumed,Cheap common unit.
Cambridge Audio,D500,D500 SE|D500SE,CD player,DAC stage; op-amps; transformer,standalone DAC|op-amp|transformer or mechanical salvage,probable,58,45,laser fault; tray fault; missing remote,burnt board; no sound; water damage,medium,Verify DAC before bidding,Common UK Cambridge CD player; exact DAC varies,Good low-cost donor.
Cambridge Audio,D500 SE,D500SE|D500 Special Edition,CD player,Cirrus Logic CS4391 DAC; op-amps; KSS-213 transport; transformer,standalone DAC|op-amp|transformer or mechanical salvage,confirmed,69,45,laser fault; tray fault; no disc,no audio; burnt output stage,medium,Confirm SE version; ordinary D500 uses a different DAC.,https://www.dutchaudioclassics.nl/the_complete_d_a_dac_converter_list/,Model suffix matters.
CEC,TL51XR,TL 51 XR|CEC TL-51XR,CD player,2 x Burr-Brown PCM1796 DACs; belt-drive transport; analogue output stage,standalone DAC|op-amp|transformer or mechanical salvage,confirmed,91,180,belt/transport fault; display fault; cosmetic damage,no audio; missing DAC board; liquid damage,hard,Dual current-output DAC implementation; keep I/V circuitry intact for study.,https://www.dutchaudioclassics.nl/the_complete_d_a_dac_converter_list/,Rare and usually valuable intact.
Denon,DCD-1015,DCD1015,CD player,DAC stage; op-amps; transformer; transport,standalone DAC|op-amp|transformer or mechanical salvage,uncertain,64,60,laser fault; tray fault,no sound; burnt PCB; water damage,medium,Verify chip markings,Model-specific component uncertainty,Buy only cheaply.
Denon,DCD-1450AR,DCD1450AR|1450AR,CD player,2 x Burr-Brown PCM1702-L DACs; SM5845 digital filter; transformer,standalone DAC|DSP|transformer or mechanical salvage,confirmed,89,120,laser failure; tray fault; no disc; cosmetic damage,no audio; missing audio PCB; corrosion,medium,PCM1702 devices are valuable; use careful hot-air or low-melt removal.,https://www.dutchaudioclassics.nl/the_complete_d_a_dac_converter_list/,Strong multibit donor.
Denon,DCD-1500,DCD1500|DCD-1500 II|DCD1500II,CD player,DAC stage; op-amps; substantial transformer; transport,standalone DAC|op-amp|transformer or mechanical salvage,probable,76,100,tray fault; no disc; missing remote,no sound; burnt PSU; water damage,hard,Heavy; transformer and analogue board useful,Higher-line Denon player class; verify exact DAC per revision,May be worth more intact.
Denon,DCD-1520,DCD1520|1520,CD player,2 x Burr-Brown PCM64P DACs; digital filter; transformer,standalone DAC|DSP|transformer or mechanical salvage,confirmed,93,145,transport fault; no disc; tray fault,no audio; missing DAC board; corrosion,medium,PCM64P devices are valuable through-hole multibit parts.,https://www.dutchaudioclassics.nl/the_complete_d_a_dac_converter_list/,"A very desirable donor, though collectors know it."
Denon,DCD-1560,DCD1560,CD player,PCM1702/PCM1704-era DAC reported in some references uncertain; transformer; op-amps,standalone DAC|op-amp|transformer or mechanical salvage,uncertain,78,110,transport fault; no disc; missing remote,burnt board; no sound; missing DAC board,hard,Verify exact DAC markings before paying premium,Conflicting online references by market/revision; internal photo required,Potentially interesting but do not assume R-2R parts.
Denon,DCD-1630,DCD1630|1630,CD player,2 x Burr-Brown PCM1701P DACs; SM5813 digital filter; transformer,standalone DAC|DSP|transformer or mechanical salvage,confirmed,86,105,laser fault; tray fault; no disc,no audio; water damage; missing board,medium,Through-hole PCM1701 parts are relatively straightforward to harvest.,https://www.dutchaudioclassics.nl/the_complete_d_a_dac_converter_list/,Good saved-search candidate.
Denon,DCD-1650,DCD1650|DCD-1650AR|DCD1650AR,CD player,high-grade DAC stage; transformer; op-amps; transport,standalone DAC|op-amp|transformer or mechanical salvage,probable,86,170,no disc; tray fault; missing remote,burnt board; lightning; water damage,hard,Heavy and complex,High-line Denon model; exact revision matters,Often worth more intact.
Denon,DCD-1650AL,DCD1650AL|1650AL,CD player,4 x Burr-Brown PCM1702 DACs; SM5845 digital filter; transformer,standalone DAC|DSP|transformer or mechanical salvage,confirmed,96,190,laser fault; tray fault; cosmetic damage,no sound; missing analogue board; corrosion,hard,Four valuable DACs; photograph and map revisions before removal.,https://www.dutchaudioclassics.nl/the_complete_d_a_dac_converter_list/,Rare and often too valuable intact.
Denon,DCD-1650AZ,DCD1650AZ|1650AZ,CD player,4 x Burr-Brown PCM1704 DACs; PMD100 digital filter; transformer,standalone DAC|DSP|transformer or mechanical salvage,confirmed,99,250,transport fault; no disc; cosmetic damage,no audio; parts removed; modified DAC board,hard,PCM1704 and PMD100 are highly desirable and frequently counterfeited.,https://www.dutchaudioclassics.nl/the_complete_d_a_dac_converter_list/,"Exceptional donor, but unlikely to be cheap."
Denon,DCD-2560,DCD2560,CD player,high-end DAC stage; substantial transformer; transport,standalone DAC|op-amp|transformer or mechanical salvage,probable,84,150,no disc; tray fault; display fault,burnt board; water damage; missing DAC board,hard,Heavy; often worth repair,High-line Denon; exact DAC needs service manual/photo verification,Usually more valuable intact.
Denon,DCD-620,DCD620,CD player,DAC stage; op-amps; transformer; transport,standalone DAC|op-amp|transformer or mechanical salvage,uncertain,58,45,tray fault; no disc; missing remote,burnt board; no sound; water damage,medium,Verify converter chip before buying,Older Denon CD player; exact DAC not assumed,Cheap only.
Denon,DCD-625,DCD625,CD player,DAC stage; op-amps; transformer; transport,standalone DAC|op-amp|transformer or mechanical salvage,uncertain,58,45,tray fault; no disc; missing remote,burnt board; no sound; liquid damage,medium,Verify board photos,Model-specific chip uncertain,Common enough in UK.
Denon,DCD-825,DCD825,CD player,DAC stage; op-amps; transformer; transport,standalone DAC|op-amp|transformer or mechanical salvage,uncertain,62,55,tray fault; no disc; missing remote,burnt board; water damage; no sound,medium,Good chassis/PSU donor,Exact DAC should be verified,Do not assume premium DAC.
Marantz,CD-17,CD17|Marantz CD17,CD player,Philips TDA1547 DAC; SAA7350; SM5841; op-amps; transformer,standalone DAC|DSP|op-amp|transformer or mechanical salvage,confirmed,90,140,transport fault; no disc; tray fault,no audio; missing DAC board; liquid damage,hard,TDA1547 and surrounding digital filter parts are desirable; preserve board context.,https://www.dutchaudioclassics.nl/the_complete_d_a_dac_converter_list/,Often worth repairing rather than stripping.
Marantz,CD-17 Mk II,CD17 Mk2|CD-17 MKII,CD player,Philips TDA1547 DAC; TDA1307 filter/interface; transformer,standalone DAC|DSP|transformer or mechanical salvage,confirmed,89,140,laser fault; tray fault; display fault,no sound; missing main PCB; corrosion,hard,Verify revision because Mk III uses different DACs.,https://www.dutchaudioclassics.nl/the_complete_d_a_dac_converter_list/,Revision-sensitive listing.
Marantz,CD-23,CD23|Marantz CD23,CD player,2 x Philips TDA1547 DACs; CDM-9 Pro transport; transformer,standalone DAC|transformer or mechanical salvage,confirmed,98,250,transport control fault; tray fault; cosmetic damage,no audio; missing DAC PCB; heavily modified,hard,Dual valuable DACs and desirable transport; whole unit has collector value.,https://www.dutchaudioclassics.nl/the_complete_d_a_dac_converter_list/,More likely a repair/resale target than a sacrificial donor.
Marantz,CD-40,CD40,CD player,Philips TDA1541-family DAC probable; CDM transport; transformer,standalone DAC|transformer or mechanical salvage,probable,76,80,tray fault; no disc; missing remote,no sound; burnt board; water damage,medium,Philips-derived internals; check photos,Common Marantz/Philips platform; verify DAC marking,Practical UK donor if cheap.
Marantz,CD-50,CD50,CD player,TDA1541A DAC probable; CDM transport; op-amps; transformer,standalone DAC|op-amp|transformer or mechanical salvage,probable,82,100,tray belt; no disc; missing remote,no sound; burnt PSU; corrosion,medium,DAC board and transport worth checking,Widely associated with TDA1541A; verify board,Often repairable and desirable.
Marantz,CD-52,CD52|CD-52 MkII|CD52SE,CD player,bitstream or TDA depending version uncertain; op-amps; transformer; transport,standalone DAC|op-amp|transformer or mechanical salvage,uncertain,62,55,tray fault; no disc; display dim,no sound; burnt board; water damage,medium,Version matters; verify exact board,Model revisions vary; no exact DAC assumed,Good cheap donor if not collectible SE.
Marantz,CD-60,CD60|Marantz CD60 vintage,CD player,Philips TDA1541A DAC; SAA7220 digital filter; CDM-4 transport; transformer,standalone DAC|DSP|transformer or mechanical salvage,confirmed,91,130,tray fault; laser fault; no disc; cosmetic damage,no sound; missing DAC; corrosion,medium,TDA1541A is through-hole; avoid overheating and preserve provenance.,https://www.dutchaudioclassics.nl/the_complete_d_a_dac_converter_list/,Use aliases carefully to avoid the unrelated modern CD 60.
Marantz,CD-63,CD63|CD-63 KI|CD63SE,CD player,DAC stage; op-amps; transformer; CD transport,standalone DAC|op-amp|transformer or mechanical salvage,probable,70,70,tray fault; laser fault; missing remote,no sound; burnt board; water damage,medium,KI/SE worth more intact; salvage base faulty units,Common modding platform; exact DAC should be verified by revision,KI Signature usually too valuable intact.
Marantz,CD-67,CD67|CD67SE|CD-67SE,CD player,DAC stage; op-amps; transformer; CD transport,standalone DAC|op-amp|transformer or mechanical salvage,probable,68,60,laser fault; tray fault; missing remote,no sound; burnt PCB; corrosion,medium,Good op-amp/PSU donor if cheap,Common UK player; verify DAC chip by photo,Avoid high-price SE variants for salvage.
Marantz,CD-72,CD72|CD72SE,CD player,DAC stage; op-amps; transformer; transport,standalone DAC|op-amp|transformer or mechanical salvage,probable,72,80,tray fault; no disc; missing remote,burnt board; water damage; no sound,medium,Sturdy chassis; check DAC board,Model-specific DAC varies; verify internals,Can be worth repair intact.
Marantz,CD-72 Mk II,CD72 Mk2|CD-72 MKII,CD player,Philips TDA1547 DAC; SAA7350; SM5840; CDM-4 transport,standalone DAC|DSP|transformer or mechanical salvage,confirmed,88,115,tray fault; laser fault; display fault,no audio; missing board; water damage,hard,Do not confuse with ordinary CD-72 variants.,https://www.dutchaudioclassics.nl/the_complete_d_a_dac_converter_list/,Suffix and revision are essential.
Marantz,CD6000,CD-6000|CD6000 OSE|CD6000OSE,CD player,DAC stage; op-amps; transformer; transport,standalone DAC|op-amp|transformer or mechanical salvage,probable,68,65,laser fault; tray fault; missing remote,no sound; burnt board; water damage,medium,OSE units can be worth intact,Common UK player; verify board photos,Do not overpay.
Marantz,CD7300,CD-7300,CD player,Cirrus/Crystal DAC stage probable; op-amps; transformer,standalone DAC|op-amp|transformer or mechanical salvage,probable,66,70,no disc; tray fault; missing remote,no sound; burnt board; corrosion,medium,Check DAC chip markings,Exact chip should be verified; model is common donor class,Good if cosmetically rough.
Meridian,206,Meridian 206 CD,CD player,Philips TDA1541A-S1 DAC; CDM-4/21 transport; analogue stage; transformer,standalone DAC|op-amp|transformer or mechanical salvage,confirmed,97,220,transport fault; display fault; tray fault,no audio; missing DAC board; modified unit,medium,Single-crown TDA1541A-S1 has high collector value.,https://www.dutchaudioclassics.nl/the_complete_d_a_dac_converter_list/,Usually worth preserving intact.
Meridian,508.24,508 24|508-24,CD player,Cirrus Logic CS4390 DAC; analogue output stage; transformer,standalone DAC|op-amp|transformer or mechanical salvage,confirmed,77,105,transport fault; display fault; cosmetic damage,no audio; digital board fault,medium,Board-level study may be more useful than bare-chip salvage.,https://www.dutchaudioclassics.nl/the_complete_d_a_dac_converter_list/,Model is often listed without punctuation.
Meridian,588,Meridian 588 CD,CD player,Analog Devices AD1852 DAC; op-amps; DVD-ROM transport; transformer,standalone DAC|op-amp|transformer or mechanical salvage,confirmed,72,95,transport fault; disc read fault; cosmetic damage,no audio; processor board failure,medium,AD1852 is software controlled; retain control context.,https://www.dutchaudioclassics.nl/the_complete_d_a_dac_converter_list/,Not exotic enough to overpay for.
Mission-Cyrus,CD 6S,Cyrus CD6S|CD6 S|CD 6 S,CD player,Burr-Brown PCM1738 DAC; op-amps; Philips transport; transformer,standalone DAC|op-amp|transformer or mechanical salvage,confirmed,76,80,transport fault; no disc; display fault,no audio; PSU damage; missing boards,medium,Compact densely packed construction.,https://www.dutchaudioclassics.nl/the_complete_d_a_dac_converter_list/,Search both Cyrus and Mission-Cyrus.
Mission-Cyrus,CD 8x,Cyrus CD8x|CD8 X|CD 8 X,CD player,2 x Burr-Brown PCM1738 DACs; op-amps; transformer,standalone DAC|op-amp|transformer or mechanical salvage,confirmed,85,120,disc read fault; tray fault; cosmetic damage,no sound; PSU failure; missing audio board,hard,Dual DAC architecture; trace before stripping.,https://www.dutchaudioclassics.nl/the_complete_d_a_dac_converter_list/,Can still command good money intact.
Music Hall,CD25.2,CD 25.2|Music Hall CD25 2,CD player,Burr-Brown PCM1738E DAC; VAM1202 transport; op-amps; transformer,standalone DAC|op-amp|transformer or mechanical salvage,confirmed,75,75,no disc; tray fault; laser fault,no audio; missing output board,medium,Conventional DAC/output architecture.,https://www.dutchaudioclassics.nl/the_complete_d_a_dac_converter_list/,"Less common in the UK, but worth including."
Musical Fidelity,A3.2 CD,A3.2|A3 2 CD,CD player,Burr-Brown PCM1738E DAC; op-amps; transformer,standalone DAC|op-amp|transformer or mechanical salvage,confirmed,77,90,laser fault; tray fault; no disc,no audio; burnt PSU; missing board,medium,"Verify that listing is the CD player, not the amplifier.",https://www.dutchaudioclassics.nl/the_complete_d_a_dac_converter_list/,Use category terms in searches to reduce false matches.
Musical Fidelity,A5 CD,A5 CD Player|Musical Fidelity A5CD,CD player,Burr-Brown DSD1792 DAC; SRC4193 sample-rate converter; op-amps; transformer,standalone DAC|sample-rate converter|op-amp|transformer or mechanical salvage,confirmed,88,150,transport fault; display fault; cosmetic damage,no audio; digital board fault; liquid damage,hard,Both DAC and SRC are software-controlled surface-mount parts.,https://www.dutchaudioclassics.nl/the_complete_d_a_dac_converter_list/,Attractive donor only at a substantial discount.
Philips,CD104,CD 104,CD player,TDA1540-family DAC probable; CDM swing-arm transport; transformer,standalone DAC|transformer or mechanical salvage,probable,78,90,no disc; tray or loading fault; missing remote; display fault,no sound; burnt PSU; water damage; missing DAC board,hard,Heavy; transport and DAC boards desirable; mains safety,Classic Philips early CD architecture; verify board revision,Often collected; avoid overpaying.
Philips,CD150,CD 150,CD player,TDA1540/TDA1541-family DAC uncertain by revision; CDM transport; transformer,standalone DAC|transformer or mechanical salvage,uncertain,65,55,laser fault; no disc; tray fault,burnt board; water damage; missing transport,hard,Verify DAC chip before buying,Model/revision variations; internal photo required,Cheap examples can be useful.
Philips,CD160,CD 160,CD player,TDA1541-family DAC probable; CDM transport; transformer,standalone DAC|transformer or mechanical salvage,probable,72,70,no disc; tray fault; missing remote,burnt board; water damage; no sound,hard,Old Philips mechanisms are valuable but delicate,Common online service/photo references; verify chip markings,Some units worth repairing intact.
Philips,CD204,CD 204,CD player,TDA1540-family DAC probable; CDM transport; transformer,standalone DAC|transformer or mechanical salvage,probable,74,75,no disc; tray/load fault; display fault,burnt PSU; missing transport; water damage,hard,Heavy; mechanical parts useful,Classic Philips donor; exact DAC should be checked,Often collectible.
Philips,CD304,CD 304,CD player,TDA1540-family DAC probable; CDM transport; transformer,standalone DAC|transformer or mechanical salvage,probable,78,90,no disc; tray fault; missing remote,burnt board; water damage; no audio,hard,Very heavy; shipping risk,Classic Philips metal-build player; verify internals,May be worth more intact.
Philips,CD450,CD 450,CD player,TDA1541-family DAC probable; CDM transport; transformer,standalone DAC|transformer or mechanical salvage,probable,70,60,no disc; tray belt; missing remote,no sound; burnt board; water damage,medium,Useful DAC/transport donor if cheap,Common Philips TDA-era model; verify board photo,Good UK eBay target.
Philips,CD473,CD 473,CD player,TDA1541-family DAC uncertain/probable; CDM transport; transformer,standalone DAC|transformer or mechanical salvage,uncertain,66,50,tray fault; no disc; broken display,no sound; missing PCB; corrosion,medium,Verify chip markings before bidding,Model-specific chip not assumed; internal photo needed,Only buy cheaply.
Philips,CD650,CD 650,CD player,TDA1541/TDA1541A DAC probable; CDM transport; transformer,standalone DAC|transformer or mechanical salvage,probable,82,100,no disc; tray belt; missing remote,no sound; burnt board; water damage,medium,DAC and transport both interesting,Widely associated with TDA1541 family; verify chip,Often valuable intact.
Philips,CD753,CD 753,CD player,bitstream DAC uncertain; CDM/VAM transport parts; transformer,standalone DAC|transformer or mechanical salvage,uncertain,50,30,tray fault; no disc; missing remote,burnt board; water damage; no sound,easy,Mostly mechanical/PSU donor unless chip verified,Later Philips players vary; verify board photos,Cheap donor only.
Philips,CD850,CD 850,CD player,TDA1541A DAC probable; CDM transport; transformer,standalone DAC|transformer or mechanical salvage,probable,86,120,no disc; tray fault; display dim,no sound; burnt board; missing DAC board,hard,High intact value; heavy shipping,Widely cited TDA1541A-era Philips; verify internals,Usually worth repair if complete.
Philips,CD960,CD 960,CD player,TDA1541A/S-class DAC reported on some units; CDM1 transport; transformer,standalone DAC|transformer or mechanical salvage,probable,92,180,transport fault; no disc; tray issue,missing DAC board; water damage; burnt PSU,hard,Very heavy and collectible; salvage only if beyond repair,Vintage Philips references commonly note TDA1541A/CDM1; verify exact chip grade,Usually worth more intact.
Pioneer,PD-S505,PDS505,CD player,DAC/filter stage; stable platter mechanism,standalone DAC|DSP|transformer or mechanical salvage,uncertain,55,40,tray fault; no disc; missing remote,burnt board; no sound; water damage,easy,Verify chip markings,Exact components not assumed,Cheap common unit.
Pioneer,PD-S703,PDS703|Stable Platter,CD player,Legato Link DAC/filter stage; stable platter mechanism; transformer,standalone DAC|DSP|transformer or mechanical salvage,probable,68,60,tray fault; no disc; missing remote,no sound; burnt board; water damage,medium,Stable platter parts useful; verify laser,Known Pioneer stable-platter player; exact DAC should be checked,Common UK donor.
Pioneer,PD-S904,PDS904|Stable Platter,CD player,Legato Link DAC/filter stage; stable platter mechanism; transformer,standalone DAC|DSP|transformer or mechanical salvage,probable,74,85,no disc; tray fault; display issue,burnt board; water damage; no sound,medium,Transport/chassis useful,Pioneer stable-platter high model; verify internals,May be valuable intact.
Rotel,RCD-1070,RCD1070|Rotel 1070 CD,CD player,Burr-Brown PCM1732U DAC; op-amps; KSS-213 transport; transformer,standalone DAC|op-amp|transformer or mechanical salvage,confirmed,69,55,no disc; tray fault; laser fault,no audio; missing output board,medium,Useful but not rare enough to justify a high price.,https://www.dutchaudioclassics.nl/the_complete_d_a_dac_converter_list/,Common enough to appear cheaply.
Rotel,RCD-955AX,RCD955AX|955 AX,CD player,Philips TDA1541A DAC; SAA7220 digital filter; CDM-4 transport; transformer,standalone DAC|DSP|transformer or mechanical salvage,confirmed,92,135,tray fault; laser fault; no disc,no sound; missing DAC; corrosion,medium,Through-hole DAC and desirable transport.,https://www.dutchaudioclassics.nl/the_complete_d_a_dac_converter_list/,A classic hidden-gem search term.
Rotel,RCD-971,RCD971|Rotel 971 CD,CD player,2 x Burr-Brown PCM63P DACs; PMD100 digital filter; op-amps; transformer,standalone DAC|DSP|op-amp|transformer or mechanical salvage,confirmed,97,190,laser fault; tray fault; cosmetic damage,no audio; DAC board missing; modified unit,medium,PCM63 and PMD100 are especially desirable and should be removed carefully.,https://www.dutchaudioclassics.nl/the_complete_d_a_dac_converter_list/,"Excellent donor, but increasingly recognised by sellers."
Rotel,RCD-990,RCD990|Rotel 990 CD,CD player,2 x Burr-Brown PCM63P DACs; PMD100 digital filter; CDM-9 Pro transport,standalone DAC|DSP|transformer or mechanical salvage,confirmed,98,220,transport fault; tray fault; cosmetic damage,no sound; missing boards; corrosion,hard,Both electronics and transport are valuable.,https://www.dutchaudioclassics.nl/the_complete_d_a_dac_converter_list/,Usually too valuable to break unless badly damaged.
Rotel,RCD-991,RCD991|Rotel 991 CD,CD player,2 x Burr-Brown PCM63P DACs; PMD100 digital filter; op-amps; transformer,standalone DAC|DSP|op-amp|transformer or mechanical salvage,confirmed,98,210,laser fault; tray fault; cosmetic damage,no audio; missing DACs; modified output stage,medium,High-value through-hole DAC/filter pair.,https://www.dutchaudioclassics.nl/the_complete_d_a_dac_converter_list/,Prime saved-search material.
Sony,CDP-227ESD,CDP227ESD,CD player,Sony DAC/filter stage; transformer; KSS optical block,standalone DAC|DSP|transformer or mechanical salvage,probable,70,70,no disc; tray fault; missing remote,no sound; burnt board; corrosion,medium,KSS laser/transport parts may be useful,Sony ES player; exact DAC/filter IC should be verified,Some ES units collectible.
Sony,CDP-337ESD,CDP337ESD,CD player,Sony DAC/filter stage; transformer; KSS transport,standalone DAC|DSP|transformer or mechanical salvage,probable,76,100,laser fault; tray fault; display issue,burnt board; water damage; no sound,hard,Heavy; verify board photos,Sony ES line; exact chips require service manual/photo,Likely worth repair if complete.
Sony,CDP-XB930,CDPXB930|XB930,CD player,DAC/filter stage; op-amps; transformer; KSS transport,standalone DAC|op-amp|transformer or mechanical salvage,probable,64,55,tray fault; no disc; missing remote,burnt board; water damage; no sound,medium,Good transport donor if cheap,Common UK Sony player; exact DAC not assumed,Often cheap with laser faults.
Sony,CDP-XE900E,CDPXE900E|XE900E,CD player,DAC/filter stage; op-amps; transport parts,standalone DAC|op-amp|transformer or mechanical salvage,uncertain,55,40,no disc; tray fault; missing remote,burnt board; water damage,easy,Lower salvage value; verify before buying,Exact IC uncertain,Cheap only.
Technics,SL-P1200,SLP1200|SL-P 1200,CD player,professional CD transport; DAC stage; transformer,standalone DAC|transformer or mechanical salvage,probable,82,150,no disc; display fault; tray fault,burnt board; water damage; missing transport,hard,Pro deck; heavy; often worth repair,Known professional Technics CD player; exact DAC needs service data,Usually worth more intact.
Technics,SL-PG490,SLPG490,CD player,MASH DAC stage; transformer; transport,standalone DAC|DSP|transformer or mechanical salvage,probable,52,35,tray fault; no disc; missing remote,burnt board; water damage; no sound,easy,Low-value donor; transport/PSU parts,Technics MASH-era player; verify board photos,Common cheap UK listing.
Technics,SL-PS620A,SLPS620A|SL-PS620,CD player,MASH DAC stage; transformer; transport,standalone DAC|DSP|transformer or mechanical salvage,probable,58,45,tray fault; no disc; display dim,burnt board; no sound; water damage,medium,Check transport and DAC board,Technics MASH-era; exact IC should be verified,Good cheap donor.
Fostex,D-5,D5 DAT|Fostex D5,DAT recorder,ADC/DAC; DSP; DAT transport; transformer,ADC|standalone DAC|DSP|transformer or mechanical salvage,probable,68,80,loading fault; tape fault; display issue,burnt board; water damage; no audio,hard,DAT mechanism donor only if cheap,Common pro-ish DAT; exact ICs verify,Buy low.
Sony,DTC-57ES,DTC57ES|57ES DAT,DAT recorder,ADC/DAC; DSP; DAT transport; transformer,ADC|standalone DAC|DSP|transformer or mechanical salvage,probable,78,120,loading fault; eats tapes; display issue,no sound; burnt board; water damage; missing drum,hard,DAT mechanics complex; high voltage/mains caution,Sony ES DAT class; exact converters verify by service manual,Often worth repair intact.
Sony,DTC-59ES,DTC59ES|59ES DAT,DAT recorder,ADC/DAC; DSP; DAT transport; transformer,ADC|standalone DAC|DSP|transformer or mechanical salvage,probable,80,130,loading fault; tape path fault; display issue,burnt board; water damage; no audio,hard,Transport salvage difficult,Sony ES DAT; verify internals,May be worth intact.
Sony,DTC-60ES,DTC60ES|60ES DAT,DAT recorder,ADC/DAC; DSP; DAT transport; transformer,ADC|standalone DAC|DSP|transformer or mechanical salvage,probable,82,140,loading fault; no tape movement; missing remote,burnt board; water damage; no sound,hard,Complex transport,Sony ES DAT; exact ICs verify,Repair candidate first.
Sony,DTC-690,DTC690 DAT,DAT recorder,ADC/DAC; DSP; DAT transport; transformer,ADC|standalone DAC|DSP|transformer or mechanical salvage,probable,62,65,loading fault; display issue; eats tapes,burnt board; water damage; no audio,hard,DAT transport hard to strip cleanly,Common DAT deck; exact chips verify,Cheap faulty units appear.
Tascam,DA-20,DA20 DAT,DAT recorder,ADC/DAC; DSP; DAT transport; transformer,ADC|standalone DAC|DSP|transformer or mechanical salvage,probable,72,100,loading fault; tape path fault; display issue,burnt PSU; water damage; no audio,hard,Pro rack; mains caution; transport parts,Common pro DAT; exact converters verify,May be worth repair.
Tascam,DA-30,DA30 DAT,DAT recorder,ADC/DAC; DSP; DAT transport; transformer,ADC|standalone DAC|DSP|transformer or mechanical salvage,probable,76,120,loading fault; tape path issue; missing rack ears,burnt PSU; water damage; no audio,hard,Heavy rack unit; transport difficult,Pro DAT deck; verify board photos,Intact value can be strong.
Pioneer,DV-717,DV717|DVL? not laserdisc,DVD player with notable audio DACs,audio DAC stage; transformer; DVD transport,standalone DAC|transformer or mechanical salvage,probable,58,45,no disc; tray fault; missing remote,burnt board; water damage; no sound,medium,DVD players low value unless audio board verified,Popular older DVD player; exact DAC requires photo,Buy only cheap.
Pioneer,DV-737,DV737,DVD player with notable audio DACs,audio DAC stage; transformer; transport,standalone DAC|transformer or mechanical salvage,probable,62,55,no disc; tray fault; missing remote,burnt board; no sound; water damage,medium,Check audio board,Known higher-line DVD player; verify DAC chip,Good cheap donor.
Sony,DVP-S7700,DVPS7700|S7700 DVD,DVD player with notable audio DACs,audio DAC stage; heavy transformer/chassis; transport,standalone DAC|transformer or mechanical salvage,probable,72,80,no disc; tray fault; missing remote,no sound; burnt board; water damage,hard,Large heavy DVD player; good PSU/chassis donor,Known premium Sony DVD platform; verify audio board,Often bought for intact use too.
Pioneer,DV-757Ai,DV757Ai|757Ai,DVD/SACD player,multichannel DAC stage; FireWire/audio DSP; transformer,standalone DAC|DSP|transformer or mechanical salvage,probable,72,85,no disc; SACD/DVD-A read fault; missing remote,no sound; burnt board; water damage,hard,Complex boards; verify complete internals,Universal player class; exact DAC should be verified,May be worth intact to collectors.
Pioneer,DV-868AVi,DV868AVi|868AVi,DVD/SACD player,multichannel DAC stage; i.Link/audio DSP; transformer,standalone DAC|DSP|transformer or mechanical salvage,probable,78,120,disc read fault; tray fault; missing remote,burnt board; no sound; water damage,hard,Heavy and complex,Higher-line Pioneer universal player; verify DAC board,Often worth more intact.
Arcam,Alpha 5 Plus,Alpha 5+|Alpha Five Plus,integrated amplifier,transformer; discrete power amp parts; phono stage op-amps probable,transformer or mechanical salvage|power amplifier IC|op-amp,probable,66,70,scratchy controls; input fault; cosmetic damage,burnt transformer; water damage; no sound both channels,medium,Phono/line op-amps possible; verify board,Arcam integrated amp class; exact op-amps verify,Good UK donor.
Arcam,Alpha 8 Integrated,Alpha 8 amp|Alpha Eight amp,integrated amplifier,transformer; discrete output stage; phono/line op-amps probable,transformer or mechanical salvage|power amplifier IC|op-amp,probable,72,90,scratchy controls; display/input fault; missing remote,burnt output; water damage; transformer fault,medium,Worth repair if clean,Common Arcam amp; exact small-signal parts verify,Often worth intact.
Audiolab,8000A,8000 A,integrated amplifier,transformer; discrete power amp parts; phono op-amps probable; Alps pot,transformer or mechanical salvage|power amplifier IC|op-amp,probable,78,120,scratchy controls; selector fault; cosmetic damage,burnt transformer; water damage; missing boards,medium,High intact value; repair first,Classic UK integrated; exact op-amps verify,Usually worth more intact.
Cambridge Audio,A1,Cambridge A1 Mk3|A1 Mk3,integrated amplifier,transformer; power amp IC or discrete output depending revision; pots,transformer or mechanical salvage|power amplifier IC,uncertain,45,30,scratchy controls; broken terminals; cosmetic damage,burnt transformer; water damage; missing PCB,easy,Low-value learner donor,Revision-dependent internals; verify photos,Very common cheap amp.
Cambridge Audio,A500,A500 RC,integrated amplifier,toroidal transformer; discrete power amp parts; relays,transformer or mechanical salvage|power amplifier IC,confirmed,62,55,scratchy controls; relay fault; missing remote,burnt outputs; transformer fault; water damage,medium,Heavy transformer,Common Cambridge integrated architecture,Good cheap local pickup.
Cambridge Audio,Azur 540A,540A|Azur540A,integrated amplifier,toroidal transformer; discrete output parts; relays,transformer or mechanical salvage|power amplifier IC,confirmed,64,60,relay fault; input selector fault; missing remote,burnt outputs; no sound both channels; water damage,medium,Discharge caps; through-hole outputs,Common integrated amp layout,Often repairable.
Cambridge Audio,Azur 640A,640A|Azur640A,integrated amplifier,toroidal transformer; discrete output parts; relays,transformer or mechanical salvage|power amplifier IC,confirmed,68,70,relay fault; scratchy controls; display fault,burnt output stage; transformer fault; water damage,medium,Heavy; good PSU donor,Common Cambridge amp; verify board condition,Worth repair if complete.
Denon,PMA-250SE,PMA250SE|PMA 250 SE,integrated amplifier,transformer; output devices; phono/line parts,transformer or mechanical salvage|power amplifier IC|op-amp,probable,55,45,scratchy controls; missing knobs; cosmetic damage,burnt transformer; water damage; no sound,medium,Through-hole friendly,Common Denon integrated; exact parts verify,Cheap donor.
Denon,PMA-350SE,PMA350SE,integrated amplifier,transformer; output devices; phono/line parts,transformer or mechanical salvage|power amplifier IC|op-amp,probable,58,50,scratchy controls; selector fault,burnt output; transformer fault; water damage,medium,Heavy enough that postage matters,Common amp; verify photos,Local cheap target.
Marantz,PM-66SE,PM66SE|PM-66 KI,integrated amplifier,transformer; discrete output parts; phono/line op-amps probable,transformer or mechanical salvage|power amplifier IC|op-amp,probable,68,75,scratchy controls; selector fault; missing remote,burnt outputs; water damage; transformer fault,medium,KI variants worth intact,Common Marantz integrated; exact small ICs verify,Good donor if rough.
Marantz,PM6002,PM-6002,integrated amplifier,toroidal transformer; discrete output parts; phono stage parts,transformer or mechanical salvage|power amplifier IC|op-amp,probable,70,85,input selector fault; missing remote; cosmetic damage,burnt output; water damage; transformer fault,medium,Worth repair first,Common UK amp; exact op-amps verify,Often not cheap enough for salvage.
NAD,3020e,3020 e,integrated amplifier,power transformer; discrete power amp parts; pots/switches,transformer or mechanical salvage|power amplifier IC,confirmed,68,75,scratchy controls; input switch fault; missing knobs,burnt transformer; water damage; no sound both channels,medium,Good through-hole salvage,Common NAD amp architecture; verify transformer health,Repair candidate first.
NAD,3020i,3020 i|NAD 3020,integrated amplifier,power transformer; discrete power amp transistors; pots/switches,transformer or mechanical salvage|power amplifier IC,confirmed,70,80,scratchy controls; broken speaker terminals; cosmetic damage,burnt transformer; water damage; missing amp board,medium,Through-hole parts; discharge capacitors,Amplifier topology visible/service docs common; no DAC claim,Usually worth more intact if complete.
NAD,C320BEE,C320 BEE|C 320BEE,integrated amplifier,toroidal transformer; discrete power amp parts; pots/relays,transformer or mechanical salvage|power amplifier IC,confirmed,72,90,scratchy controls; relay fault; cosmetic damage,burnt output stage; transformer hum severe; water damage,medium,Heavy transformer; through-hole power parts,Integrated amp class with visible transformer/discrete outputs,Often worth intact.
NAD,C350,C 350,integrated amplifier,toroidal transformer; discrete output devices; relays,transformer or mechanical salvage|power amplifier IC,confirmed,72,90,relay fault; scratchy controls; missing remote,burnt outputs; water damage; transformer fault,medium,Discharge caps; heavy transformer,Common NAD integrated architecture,Good local donor if output fault isolated.
Pioneer,A-400,A400|Pioneer A400,integrated amplifier,transformer; discrete power amp parts; pots/switches,transformer or mechanical salvage|power amplifier IC,confirmed,72,90,scratchy controls; broken terminals; cosmetic damage,burnt transformer; water damage; missing boards,medium,Usually repair before salvage,Classic amp with known discrete architecture,Often worth more intact.
Rotel,RA-01,RA01|RA 01,integrated amplifier,toroidal transformer; discrete output parts; volume pot,transformer or mechanical salvage|power amplifier IC,confirmed,70,80,selector fault; scratchy volume; missing remote,burnt outputs; transformer fault; water damage,medium,Through-hole power parts,Visible architecture in common photos/service data,May be worth intact.
Rotel,RA-930AX,RA930AX|RA 930 AX,integrated amplifier,transformer; discrete power amp parts; ALPS-style pots/switches,transformer or mechanical salvage|power amplifier IC,confirmed,66,65,scratchy controls; selector fault; cosmetic damage,burnt transformer; water damage; missing boards,medium,Through-hole friendly,Common Rotel integrated layout; verify internals,Often cheap but repairable.
Rotel,RA-931,RA931|RA 931,integrated amplifier,transformer; discrete output parts; pots/switches,transformer or mechanical salvage|power amplifier IC,confirmed,64,60,scratchy controls; broken terminals,burnt output board; water damage; no sound both channels,medium,Good mechanical parts,Rotel amp class; no DAC claim,Cheap donor.
Technics,SU-V500,SUV500,integrated amplifier,power amplifier IC/module or discrete hybrid stage; transformer; pots,power amplifier IC|transformer or mechanical salvage,probable,48,35,scratchy controls; broken terminals,burnt amp IC/module; water damage; transformer fault,medium,Hybrid/output IC may be obsolete but only if not failed,Technics integrated class; exact output part verify,Cheap only.
Yamaha,AX-396,AX396,integrated amplifier,transformer; discrete output devices; relays/pots,transformer or mechanical salvage|power amplifier IC,confirmed,58,50,scratchy controls; relay fault; missing remote,burnt output; water damage; transformer fault,medium,Through-hole power parts,Common Yamaha integrated architecture,Cheap donor only.
Yamaha,AX-596,AX596,integrated amplifier,large transformer; discrete output stage; relays/pots,transformer or mechanical salvage|power amplifier IC,confirmed,66,70,relay fault; input selector; missing remote,burnt output; transformer hum; water damage,medium,Good transformer donor; heavy,Common Yamaha integrated; verify board,Worth repair if clean.
Denon,DMD-1000,DMD1000,MiniDisc deck,ATRAC DSP; ADC/DAC/codec; transformer; mechanism,combined codec|ADC|standalone DAC|DSP|transformer or mechanical salvage,probable,58,50,loading fault; no disc; missing remote,no sound; burnt board; water damage,medium,Verify mechanism completeness,MD deck class; exact chips uncertain,Cheap donor.
Sharp,MD-R2,MDR2|MD R2,MiniDisc deck,ATRAC DSP; ADC/DAC/codec; MD mechanism; transformer,combined codec|ADC|standalone DAC|DSP|transformer or mechanical salvage,uncertain,52,40,loading fault; no disc,burnt board; water damage; missing mechanism,medium,Exact parts uncertain; verify internals,Model-specific components not assumed,Buy only cheap.
Sony,MDS-JA20ES,MDSJA20ES|JA20ES,MiniDisc deck,ATRAC DSP; ADC/DAC; op-amps; transformer; MD mechanism,combined codec|ADC|standalone DAC|DSP|op-amp|transformer or mechanical salvage,probable,84,160,loading fault; no disc; display issue,burnt board; water damage; no sound,hard,Heavy ES deck; high intact value,Sony ES MD deck; exact ICs need service manual/photo,"Usually repair, not salvage."
Sony,MDS-JA30ES,MDSJA30ES|JA30ES,MiniDisc deck,ATRAC DSP; ADC/DAC; op-amps; transformer; MD mechanism,combined codec|ADC|standalone DAC|DSP|op-amp|transformer or mechanical salvage,probable,88,200,mechanism fault; display issue; missing remote,burnt board; water damage; missing mechanism,hard,Very high intact value,Sony ES deck; exact components verify,Do not buy as donor unless severely faulty cheap.
Sony,MDS-JB930,MDSJB930|JB930,MiniDisc deck,ATRAC DSP; ADC/DAC/codec; better analogue stage; transformer,combined codec|ADC|standalone DAC|DSP|op-amp,probable,76,100,loading fault; display issue; missing remote,no sound; burnt board; water damage,medium,Higher-value deck; avoid stripping working units,Sony QS/ES-ish MD deck; exact ICs verify,Usually worth more intact.
Sony,MDS-JE330,MDSJE330|JE330,MiniDisc deck,ATRAC DSP; ADC/DAC/codec; optical pickup; transformer,combined codec|ADC|standalone DAC|DSP|transformer or mechanical salvage,probable,50,35,no disc; loading fault; missing remote,no sound; burnt board; water damage; missing mechanism,medium,MD mechanisms delicate; transformer small,Common Sony MD deck; exact audio ICs vary,Cheap donor only.
Sony,MDS-JE520,MDSJE520|JE520,MiniDisc deck,ATRAC DSP; ADC/DAC/codec; optical pickup; transformer,combined codec|ADC|standalone DAC|DSP|transformer or mechanical salvage,probable,56,45,loading fault; no disc; display dim,no sound; water damage; missing mechanism,medium,Mechanism and display parts useful,Common Sony MD deck; verify board,Often worth repair if clean.
Sony,MDS-JE530,MDSJE530|JE530,MiniDisc deck,ATRAC DSP; ADC/DAC/codec; optical pickup; transformer,combined codec|ADC|standalone DAC|DSP|transformer or mechanical salvage,probable,58,50,no disc; loading fault; missing remote,no sound; burnt board; water damage,medium,MD laser/mech salvage possible,Common UK deck; exact chips verify,Good cheap MD donor.
ASUS,Xonar D2,D2 PCI|XonarD2|ASUS D2,PCI sound card,Burr-Brown PCM1796 DACs; TI RC4580 op-amps; C-Media/ASUS AV processor,standalone DAC|op-amp|DSP,confirmed,84,85,driver issue; untested; cosmetic shield damage; missing driver disc,burnt board; missing EMI shield plus damaged PCB; corrosion,medium,Multiple SMD DACs; inspect shield screws and PCI connector,Techgage and APH Networks reviews identify PCM1796 and RC4580 parts,Multichannel DAC donor; often appears as old PC part.
ASUS,Xonar DS,DS PCI|XonarDS,PCI sound card,audio codec/DAC; swappable front op-amp on some boards,combined codec|op-amp,probable,55,30,driver issue; untested; missing bracket,burnt board; missing op-amp; corrosion,easy,Check if op-amp socket is populated,Common board photos show socketed op-amp on DS family; verify listing photos,Useful only very cheap.
ASUS,Xonar Essence ST,Essence ST|Xonar ST|Essance ST,PCI sound card,TI/Burr-Brown PCM1792A DAC; swappable op-amps; headphone amp parts,standalone DAC|op-amp,confirmed,96,140,driver issue; missing remote; noisy channel; untested,missing op-amps; burnt board; no sound both channels; liquid damage,medium,Socketed op-amps easy; DAC is SMD; check daughterboard header if present,ASUS Essence family documentation and common board photos identify PCM1792A class parts,Often worth more intact; buy only if cheap faulty.
Auzentech,X-Fi Prelude 7.1,Prelude|XFi Prelude|X-Fi Prelude,PCI sound card,Creative X-Fi DSP; AKM-class converters probable; op-amps,standalone DAC|ADC|op-amp|DSP,probable,78,85,driver issue; untested; missing software,burnt board; missing op-amps; corrosion,medium,Good old enthusiast card; verify chip markings,Known X-Fi based board; exact audio ICs should be verified by photo,Can be collectible intact.
Auzentech,X-Meridian 7.1,X Meridian|XMeridian,PCI sound card,C-Media Oxygen HD; multiple DACs; swappable op-amps on some boards,standalone DAC|op-amp|DSP,probable,76,80,driver issue; untested; noisy channel,missing op-amps; burnt board; liquid damage,medium,Look for socketed op-amps,Known enthusiast Oxygen HD card; verify exact DACs,Rare in UK.
Creative,SB0380,Sound Blaster Audigy 4 Pro|Audigy 4 Pro SB0380|Audigy4 Pro,PCI sound card,Cirrus Logic CS4398 DAC; ADC; socketed or through-hole analogue-stage op-amps depending board area,standalone DAC|ADC|op-amp,confirmed,82,70,driver issue; untested; missing breakout box; cosmetic damage,burnt board; missing main PCB; corrosion; physically snapped PCI edge,medium,Small SMD audio ICs; hot air recommended; inspect gold fingers,TrustedReviews Audigy 4 Pro review states SB0380 and Cirrus Logic CS4398 DACs; verify exact board revision,Often cheaper without breakout box; may be worth more intact if complete boxed kit.
E-MU,0404 PCI,EMU 0404|E MU 0404,PCI sound card,AKM converter ICs probable; op-amps; clock parts,ADC|standalone DAC|op-amp,probable,70,55,driver issue; untested; missing software,burnt board; corrosion; missing jack plate,medium,Good analogue-stage donor; SMD removal,Widely documented studio card; verify chip markings for exact converter,Often cheap due driver support.
E-MU,1212M PCI,EMU 1212M|E MU 1212M,PCI sound card,high-grade ADC/DAC daughtercard; op-amps; DSP,ADC|standalone DAC|op-amp|DSP,probable,78,80,driver issue; missing cable; untested,missing daughtercard; burnt board; corrosion,medium,Only worthwhile if both cards present unless buying for parts,Model known for higher-grade converters; verify daughtercard photos,May be worth more intact to recording users.
E-MU,1616M PCI,EMU 1616M|E MU 1616M,PCI sound card,high-grade ADC/DAC in MicroDock; op-amps; DSP,ADC|standalone DAC|op-amp|DSP,probable,80,90,missing PSU; driver issue; noisy jack; untested,missing MicroDock; burnt dock board; liquid damage,hard,Dock disassembly; many SMD analogue parts,Model known for premium converter spec; verify internal dock photos,Complete sets can sell for intact use.
HT Omega,Claro Halo,Claro Halo PCI,PCI sound card,C-Media Oxygen HD processor; op-amps; DAC stage,standalone DAC|op-amp|DSP,probable,72,70,driver issue; untested; missing box,burnt board; missing op-amps; corrosion,medium,Check op-amp sockets and headphone amp area,Product family uses replaceable op-amps; exact DAC should be verified,Less common in UK but worth watching.
Lynx,L22,LynxTwo L22|Lynx L22,PCI sound card,high-grade ADC/DAC; balanced line op-amps; clocking,ADC|standalone DAC|op-amp,probable,86,160,driver issue; missing breakout; untested,burnt board; water damage; missing daughter parts,medium,High intact value; verify photo before bidding,Professional interface reputation; exact chips require board verification,Usually worth more intact.
M-Audio,Audiophile 2496,Delta Audiophile 2496|M Audio 2496,PCI sound card,AKM-class ADC/DAC likely; op-amps; crystal oscillator,ADC|standalone DAC|op-amp,probable,62,45,driver issue; untested; missing breakout cable,burnt board; corrosion; snapped RCA; missing main PCB,medium,Older SMD parts; RCA jacks reusable,Popular PCI interface; exact converter chips should be verified from board photos,Common cheap studio card.
M-Audio,Delta 1010LT,1010 LT|Delta1010LT,PCI sound card,multiple ADC/DAC channels; op-amps; breakout cable parts,ADC|standalone DAC|op-amp,probable,64,55,missing breakout loom; untested; driver issue,burnt board; missing loom if you wanted intact use; water damage,medium,Lots of analogue stages; cable salvage possible,Model-specific converter chips vary in online reports; verify board photos,Good job-lot donor when cables are missing.
RME,Digi96/8 PAD,Digi96 PAD|Hammerfall PAD,PCI sound card,ADC/DAC; clocking parts; balanced analogue stage,ADC|standalone DAC|op-amp,probable,75,90,driver issue; untested; old Mac/PC card,burnt board; missing breakout; corrosion,medium,May be worth more intact to legacy studio users,RME model has pro converter stage; exact ICs must be verified,Do not strip a working complete card cheaply.
RME,HDSP 9632,Hammerfall HDSP9632|HDSP9632,PCI sound card,ADC/DAC; clocking; op-amps,ADC|standalone DAC|op-amp,probable,85,150,driver issue; missing breakout; untested,burnt board; missing main PCB; water damage,medium,High intact value; salvage only severe accessory faults,RME pro card; exact chips vary; verify board photos,Usually worth more intact.
ASUS,Xonar D2X,D2X PCIe|XonarD2X|ASUS D2X,PCIe sound card,Burr-Brown PCM1796 DACs probable same D2 family; op-amps; AV processor,standalone DAC|op-amp|DSP,probable,84,90,missing power adapter; untested; driver issue,burnt auxiliary power area; missing main PCB; corrosion,medium,Check auxiliary power connector area; SMD removal,ASUS D2/D2X family documentation and D2 reviews; verify D2X board photos,PCIe version can be priced higher than D2.
ASUS,Xonar DSX,DSX PCIe|XonarDSX,PCIe sound card,audio codec/DAC; swappable op-amp on some boards,combined codec|op-amp,probable,55,35,driver issue; untested; missing bracket,burnt board; missing op-amp; liquid damage,easy,Check socket before buying,Common board photos; verify exact revision,Often low-value intact.
ASUS,Xonar DX,DX PCIe|XonarDX,PCIe sound card,multichannel audio codec/DAC; op-amps probable,combined codec|op-amp,probable,55,35,driver issue; untested; missing low-profile bracket,burnt board; corrosion; missing components,easy,Lower-value SMD parts; mostly board-level donor,Board photos and product class; exact IC varies by revision,Cheap common card; not high priority.
ASUS,Xonar Essence STX,Essence STX|Xonar STX|Essance STX|Sonar STX,PCIe sound card,TI/Burr-Brown PCM1792A DAC; swappable op-amps; headphone amplifier parts,standalone DAC|op-amp,confirmed,96,150,driver issue; missing box; noisy headphone output; untested,missing op-amps; burnt board; lightning damage; water damage,medium,Socketed op-amps easy; SMD DAC needs hot air,diyAudio and many board photos identify PCM1792A; verify revision,Usually worth more intact if fully working.
ASUS,Xonar Essence STX II,STX II|Essence STX2|Xonar STX2,PCIe sound card,PCM1792-family DAC; swappable op-amps; headphone amp parts,standalone DAC|op-amp,probable,94,160,driver issue; missing op-amp kit; untested,missing op-amps; burnt board; water damage,medium,Socketed op-amps; verify exact chip markings,Review/spec sources describe PCM1792/Essence architecture; verify board photos,Often too valuable intact; salvage only if faulty and cheap.
Creative,SB1270,Sound Blaster X-Fi Titanium HD|X-Fi Titanium HD|XFi Titanium HD|X Fi Titanium HD,PCIe sound card,Texas Instruments/Burr-Brown PCM1794 DAC; Creative CA20K2 DSP; ADC; socketed op-amps on some revisions,standalone DAC|ADC|op-amp|DSP,confirmed,95,120,driver issue; untested; noisy output; missing box,burnt board; missing op-amps; missing main PCB; water damage,medium,Good donor but SMD DAC; avoid stripped cards,TweakTown and The Retro Web identify PCM1794 DAC; bit-tech identifies PCM1794A/CA20K2,Usually also desirable intact; do not overpay for a working card.
Audiolab,8000C,8000 C|Audiolab preamp,preamplifier,op-amps; volume pot; selector switches; PSU,op-amp|volume-control IC|transformer or mechanical salvage,probable,70,90,scratchy controls; selector fault; missing knobs,burnt board; water damage; missing PCB,medium,Mostly through-hole/older SMD,Common preamp; exact ICs verify,Repair candidate.
Musical Fidelity,X-Pre,X Pre|X-PRE,preamplifier,op-amps; volume pot; PSU parts,op-amp|volume-control IC,probable,62,60,scratchy pot; missing PSU; input fault,burnt board; water damage; no output,medium,Small case; external PSU,Musical Fidelity preamp class; exact IC verify,Often collectible.
NAD,1000,NAD 1000 preamp,preamplifier,op-amps; phono stage parts; pots/switches; PSU,op-amp|volume-control IC|transformer or mechanical salvage,probable,58,50,scratchy controls; missing knobs; phono fault,burnt board; water damage,medium,Older through-hole parts likely,Common NAD preamp; exact ICs verify,Buy cheaply.
Quad,34,Quad 34 preamp,preamplifier,op-amps; switchgear; volume/balance controls; PSU parts,op-amp|volume-control IC|transformer or mechanical salvage,probable,70,90,scratchy controls; DIN socket damage; missing case parts,burnt board; water damage; missing modules,medium,Through-hole friendly; DIN hardware useful,Classic Quad preamp; exact op-amps vary/verify,Usually worth repair.
Quad,44,Quad 44 preamp,preamplifier,op-amps; plug-in input modules; switchgear; PSU parts,op-amp|volume-control IC|transformer or mechanical salvage,probable,76,120,scratchy controls; missing knob; module fault,burnt PSU; water damage; missing modules,medium,Modules valuable; avoid stripping complete units,Classic Quad modular preamp; exact ICs verify,Often worth more intact.
Rotel,RC-970BX,RC970BX,preamplifier,op-amps; phono stage parts; selector switches; PSU,op-amp|volume-control IC|transformer or mechanical salvage,probable,62,60,scratchy controls; phono fault; missing knobs,burnt board; water damage; missing PCB,medium,Good small-signal donor,Rotel preamp class; exact ICs verify,Cheap donor.
Alesis,MicroVerb 4,Microverb IV|Micro Verb 4,professional rack audio equipment,ADC/DAC; DSP; op-amps; PSU,ADC|standalone DAC|DSP|op-amp,probable,42,30,missing PSU; display/LED fault; noisy output,burnt board; water damage; no audio,easy,Low-value compact SMD donor,Common effects box; exact ICs verify,Cheap only.
Aphex,Compellor 320A,320A Compellor,professional rack audio equipment,VCA/dynamics ICs probable; op-amps; balanced line drivers; PSU,op-amp|volume-control IC|transformer or mechanical salvage,probable,70,100,meter fault; noisy pot; missing knobs,burnt PSU; water damage; no audio,medium,Specialist dynamics ICs; verify markings,Pro dynamics unit; exact ICs require internal photo,May be worth intact.
Behringer,DCX2496,Ultradrive Pro DCX2496|DCX 2496,professional rack audio equipment,multiple DAC outputs; ADC input; DSP; op-amps; PSU,ADC|standalone DAC|DSP|op-amp,probable,72,85,display fault; output channel fault; missing rack ears,burnt PSU; water damage; no boot,medium,Many analogue outputs; SMD removal,Common digital crossover; exact chips vary,Useful op-amp/output donor.
Behringer,DEQ2496,Ultracurve Pro DEQ2496|DEQ 2496,professional rack audio equipment,ADC/DAC; DSP; display/encoder; op-amps; PSU,ADC|standalone DAC|DSP|op-amp,probable,70,80,display fault; encoder fault; noisy fan/PSU,burnt PSU; no audio; water damage,medium,DSP/display parts; mains caution,Common rack EQ; exact converter chips verify,Often cheap faulty.
Behringer,SRC2496,Ultramatch Pro SRC2496|SRC 2496,professional rack audio equipment,AKM/Cirrus converter ICs probable; sample-rate converter; op-amps; transformer/PSU,ADC|standalone DAC|DSP|op-amp,probable,68,70,display fault; noisy output; missing rack ears,burnt PSU; water damage; no audio both directions,medium,Rack unit; mains safety; many SMD parts,Common pro converter; exact ICs vary by revision,Cheap useful lab donor.
dbx,DriveRack PA,DriveRackPA|Driverack PA,professional rack audio equipment,ADC/DAC; DSP; op-amps; PSU,ADC|standalone DAC|DSP|op-amp,probable,62,70,display fault; encoder fault; missing rack ears,burnt PSU; water damage; no audio,medium,Rack unit; SMD converters,Common PA processor; exact chips vary,Good donor if display faulty.
Drawmer,DL241,DL 241,professional rack audio equipment,VCA/dynamics ICs probable; op-amps; transformer/PSU,op-amp|volume-control IC|transformer or mechanical salvage,probable,68,90,meter fault; noisy controls; missing knobs,burnt PSU; water damage; no audio,medium,Analogue rack; through-hole likely in older units,Common Drawmer compressor; exact ICs verify,Repair candidate.
Lexicon,MPX 100,MPX100,professional rack audio equipment,ADC/DAC; Lexicon DSP; op-amps; PSU,ADC|standalone DAC|DSP|op-amp,probable,58,50,display fault; encoder fault; missing PSU,burnt board; water damage; no audio,medium,External PSU on some units; SMD DSP,Common rack FX; exact converters verify,Cheap DSP donor.
Lexicon,MPX 500,MPX500,professional rack audio equipment,ADC/DAC; Lexicon DSP; op-amps; PSU,ADC|standalone DAC|DSP|op-amp,probable,68,80,display fault; encoder fault; noisy output,burnt PSU; water damage; no audio,medium,Rack unit; many SMD parts,Common Lexicon rack; exact ICs verify,May be useful intact.
Rane,DEQ 60L,DEQ60L|Rane DEQ60,professional rack audio equipment,op-amps; balanced line drivers; PSU; sliders,op-amp|transformer or mechanical salvage,probable,58,60,scratchy sliders; display/LED fault; missing rack ears,burnt PSU; water damage; no audio,medium,Lots of analogue op-amps and sliders,Analogue EQ architecture; exact ICs verify,Mechanical parts useful.
TC Electronic,D-Two,D Two|D-Two Delay,professional rack audio equipment,ADC/DAC; DSP; op-amps; PSU,ADC|standalone DAC|DSP|op-amp,probable,68,85,encoder fault; display issue; noisy output,burnt PSU; water damage; no audio,medium,Rack unit; verify display/control board,Common TC processor; exact ICs verify,Often worth intact.
TC Electronic,M-One,M One|M-One XL,professional rack audio equipment,ADC/DAC; DSP; op-amps; PSU,ADC|standalone DAC|DSP|op-amp,probable,66,75,encoder fault; display fault; missing knobs,burnt PSU; water damage; no audio,medium,Rack SMD; mains caution,Common TC rack processor; exact converters verify,Good cheap rack donor.
Yamaha,SPX90,SPX-90,professional rack audio equipment,early Yamaha DSP; ADC/DAC; op-amps; transformer,ADC|standalone DAC|DSP|op-amp|transformer or mechanical salvage,probable,66,90,display fault; battery leak if contained; noisy controls,battery corrosion; burnt PSU; water damage,hard,Check battery leakage before buying,Classic rack processor; exact ICs verify,Battery damage is a major risk.
Yamaha,SPX990,SPX-990,professional rack audio equipment,DSP; ADC/DAC; op-amps; PSU,ADC|standalone DAC|DSP|op-amp,probable,62,75,display fault; encoder fault; missing rack ears,burnt PSU; water damage; no audio,medium,Rack SMD; verify display,Common Yamaha processor; exact chips verify,Good cheap donor.
Denon,DCD-1500AE,DCD1500AE|1500AE,SACD player,Burr-Brown PCM1791 DAC; analogue output stage; transformer,standalone DAC|op-amp|transformer or mechanical salvage,confirmed,76,100,disc-reading fault; tray fault; cosmetic damage,no audio; SACD/digital board fault; liquid damage,hard,Software-controlled DAC; complex SACD platform.,https://www.dutchaudioclassics.nl/the_complete_d_a_dac_converter_list/,Usually better repaired unless very cheap.
Sony,SCD-XB770,SCDXB770|XB770 SACD,SACD player,SACD/CD DAC stage; transport; transformer,standalone DAC|DSP|transformer or mechanical salvage,probable,78,100,no disc; SACD read fault; missing remote,no sound; burnt board; water damage; missing laser,hard,SACD mechanisms can be fragile; verify complete transport,Sony SACD player class; exact DAC should be verified,May be worth more intact if working.
Sony,SCD-XE670,SCDXE670|XE670 SACD,SACD player,SACD DAC stage; transport; transformer,standalone DAC|DSP|transformer or mechanical salvage,probable,70,70,SACD read fault; tray fault; missing remote,no sound; burnt board; liquid damage,medium,Check SACD optical pickup availability,Common SACD donor; exact DAC not assumed,Cheap faulty units appear.
Sony,DVP-S9000ES,DVPS9000ES|S9000ES,SACD/DVD player,SACD/DVD DAC stage; substantial PSU; transport,standalone DAC|DSP|transformer or mechanical salvage,probable,86,180,no disc; tray fault; missing remote,burnt board; water damage; missing transport,hard,Very heavy; high intact value,Sony ES SACD/DVD class; exact chips need service manual/photo,Usually worth repair intact.
Arcam,rDAC,r DAC|Arcam rDAC,standalone DAC,Wolfson DAC stage probable; USB receiver; op-amps,standalone DAC|op-amp,probable,72,75,missing PSU; USB fault; input selector fault,no sound; burnt board; water damage,medium,SMD compact board,Arcam rDAC commonly described with Wolfson DAC; verify board,Common UK DAC.
ASUS,Xonar Essence STU,Essence STU|Xonar STU,standalone DAC,swappable op-amps; USB receiver; headphone amplifier; DAC stage,standalone DAC|op-amp,confirmed,88,120,USB issue; missing PSU; noisy pot; broken socket,burnt board; missing DAC board; water damage,medium,Op-amps socketed per ASUS swap guide; mains/PSU caution,ASUS official op-amp swap guide confirms swappable op-amps,Usually compact and easy to ship.
Audiolab,M-DAC,MDAC|M DAC,standalone DAC,ESS Sabre DAC reported; op-amps; display/control parts,standalone DAC|op-amp,probable,86,160,display fault; encoder fault; missing PSU/remote,no output; burnt board; water damage,medium,Often worth repair intact; SMD DAC,Audiolab M-DAC widely specified as ESS Sabre; verify revision,Usually worth more intact.
Benchmark,DAC1,DAC 1|Benchmark DAC-1,standalone DAC,AD1853 DAC reported; op-amps; balanced output stage; transformer,standalone DAC|op-amp|transformer or mechanical salvage,probable,90,220,display/selector fault; noisy pot; missing rack ears,burnt board; water damage; no output,hard,High intact value; mains transformer,Benchmark DAC1 specs commonly cite AD1853; verify revision,Usually worth more intact.
Cambridge Audio,DacMagic,DacMagic 100? no|DacMagic Azur,standalone DAC,Wolfson DAC stage probable; op-amps; PSU parts,standalone DAC|op-amp,probable,72,70,missing PSU; USB fault; noisy output,no sound; burnt board; water damage,medium,External PSU models easier; SMD DAC,Common UK DAC; exact version matters,Usually worth more intact if working.
Cambridge Audio,DacMagic Plus,DacMagic+|DacMagic Plus,standalone DAC,Wolfson DAC stage probable; USB receiver; op-amps; headphone amp,standalone DAC|op-amp,probable,78,100,USB socket fault; missing PSU; noisy headphone out,burnt board; water damage; no sound,medium,SMD; verify board revision,Commonly documented Wolfson-based DACMagic family; verify exact chips,Often worth intact.
Music Hall,DAC25.2,DAC 25.2|Music Hall DAC25 2,standalone DAC,Burr-Brown PCM1796 DAC; SRC4192 sample-rate converter; analogue output stage,standalone DAC|sample-rate converter|op-amp,confirmed,86,110,USB/input fault; cosmetic damage; intermittent controls,no analogue output; water damage; parts removed,hard,PCM1796 is current-output and software controlled; retain the I/V stage design.,https://www.dutchaudioclassics.nl/the_complete_d_a_dac_converter_list/,Good reference implementation as well as a parts donor.
Musical Fidelity,V-DAC,VDAC|V DAC,standalone DAC,DAC IC; op-amps; regulator parts,standalone DAC|op-amp,probable,65,55,missing PSU; coax/USB fault; cosmetic damage,burnt board; water damage; no output,medium,Small SMD board; external PSU,Model-specific DAC should be verified by board photo,Cheap compact DAC donor.
Musical Fidelity,V-DAC II,VDAC II|V DAC 2,standalone DAC,DAC IC; op-amps; regulator parts,standalone DAC|op-amp,probable,68,65,missing PSU; USB issue; noisy output,burnt board; water damage; no sound,medium,SMD; check PSU polarity history,Exact chip verify by photo,Often worth intact.
Musical Fidelity,X-DAC V3,X DAC V3|XDAC V3,standalone DAC,DAC stage; op-amps; PSU parts,standalone DAC|op-amp,probable,76,100,missing PSU; input fault; cosmetic damage,burnt board; water damage; no output,medium,Cylindrical case; careful disassembly,Musical Fidelity DAC class; exact IC verify,Can be collectible intact.
Musical Fidelity,X-DAC V8,XDAC V8|X DAC V8,standalone DAC,Burr-Brown DSD1792 DAC; SRC4392; PCM2706 USB interface; analogue stage,standalone DAC|sample-rate converter|USB audio interface|op-amp,confirmed,84,120,USB input fault; display/indicator fault; cosmetic damage,no analogue output; liquid damage; missing PCB,hard,Useful as a complete digital-audio subsystem donor.,https://www.dutchaudioclassics.nl/the_complete_d_a_dac_converter_list/,Often worth repairing.
Edirol,FA-66,FA66|Roland FA-66,studio audio interface,ADC/DAC; mic preamps; op-amps; FireWire controller,ADC|standalone DAC|op-amp,probable,60,50,FireWire issue; missing PSU; noisy pot,burnt FireWire chip; water damage; no sound,medium,Check PSU and FireWire section,Common legacy interface; exact IC verify,Good cheap donor.
Edirol,UA-25,UA25|Roland UA-25,studio audio interface,ADC/DAC; mic preamp op-amps; USB controller,ADC|standalone DAC|op-amp,probable,55,40,driver issue; noisy pots; USB socket fault,burnt board; water damage; no USB,easy,Metal case; small SMD board,Common interface; exact chips verify,Often reliable intact.
Focusrite,Saffire Pro 24,Saffire Pro24|Pro 24 DSP,studio audio interface,ADC/DAC; mic preamp op-amps; FireWire controller,ADC|standalone DAC|op-amp|DSP,probable,65,55,FireWire compatibility issue; missing PSU; noisy pot,burnt FireWire port; no sound; water damage,medium,Surface-mount; check PSU damage,Common interface; exact converters verify by board,Often cheap due FireWire.
Focusrite,Saffire Pro 40,Saffire Pro40|Pro 40,studio audio interface,multiple ADC/DAC; mic preamps; op-amps; clocking,ADC|standalone DAC|op-amp,probable,72,80,FireWire issue; missing PSU; noisy preamp,burnt PSU; water damage; no audio,medium,Rack-ish unit; many analogue channels,Common studio interface; exact converter chips verify,May be worth intact for legacy users.
Focusrite,Scarlett 18i20 1st Gen,Scarlett 18i20 mk1|18i20,studio audio interface,multiple ADC/DAC; mic preamps; op-amps; PSU,ADC|standalone DAC|op-amp,probable,68,80,USB issue; noisy preamp; missing rack ears,burnt PSU; no boot; water damage,medium,Many channels; mains PSU caution,Common studio interface; verify converter chips,Often worth repair if complete.
Focusrite,Scarlett 2i2 1st Gen,Scarlett 2i2|2i2 mk1,studio audio interface,combined USB audio codec/converters; mic preamp op-amps; pots,combined codec|ADC|standalone DAC|op-amp,probable,45,25,USB socket fault; noisy pot; missing knobs,burnt board; water damage; no USB enumeration,easy,Mostly low-value parts; USB jack/pots useful,Common interface; exact IC revision varies,Only buy very cheaply.
M-Audio,Fast Track Pro,FastTrack Pro|Fast Track USB,studio audio interface,USB audio codec; mic preamp op-amps; pots,combined codec|ADC|standalone DAC|op-amp,probable,42,25,USB socket fault; noisy pot; missing knobs,burnt board; water damage; no USB,easy,Low-value but easy jacks/pots,Common USB interface; exact IC varies,Cheap only.
M-Audio,FireWire 410,FW410|Firewire410,studio audio interface,ADC/DAC; mic preamps; op-amps; FireWire controller,ADC|standalone DAC|op-amp,probable,55,40,FireWire compatibility; missing PSU; noisy pot,burnt FireWire chip; water damage; no sound,medium,Check FireWire damage before considering repair,Common legacy interface; exact chips verify,Cheap due obsolete FireWire.
MOTU,828 MkII,828mk2|MOTU 828 mk2|828 Mark II,studio audio interface,multiple ADC/DAC; op-amps; clocking; PSU,ADC|standalone DAC|op-amp,probable,75,100,FireWire issue; display fault; missing PSU cable,burnt PSU; no boot; water damage,hard,Rack unit; many SMD parts; mains safety,Common pro interface; exact converters should be verified,May be worth more intact.
MOTU,Ultralite Mk3,UltraLite mk3|Ultralite Hybrid,studio audio interface,ADC/DAC; DSP mixer; op-amps; headphone amp,ADC|standalone DAC|DSP|op-amp,probable,70,90,FireWire/USB issue; encoder fault; missing PSU,burnt board; water damage; no audio,medium,Compact but dense SMD,Common interface; verify chip markings,Often still useful intact.
Presonus,FireStudio Project,FireStudio|Firestudio Project,studio audio interface,multiple ADC/DAC; mic preamps; op-amps; FireWire controller,ADC|standalone DAC|op-amp,probable,60,55,FireWire issue; noisy preamp; missing PSU,burnt PSU; water damage; no boot,medium,Many analogue stages,Common legacy interface; exact ICs verify,Cheap FireWire donor.
Tascam,US-122,US122|US-122L,studio audio interface,USB audio codec/converters; mic preamp op-amps,combined codec|ADC|standalone DAC|op-amp,probable,38,20,driver issue; noisy pot; USB socket fault,burnt board; water damage; no USB,easy,Low-value donor,Common interface; exact chip varies,Only as job-lot filler.
Tascam,US-144,US144|US-144MKII,studio audio interface,USB audio codec/converters; mic preamp op-amps,combined codec|ADC|standalone DAC|op-amp,probable,42,25,driver issue; noisy pot; USB socket fault,burnt board; water damage,easy,Low-value SMD donor,Common model; verify internals,Cheap only.
